資料集識別碼,資料集名稱,資料提供屬性,服務分類,品質檢測,檔案格式,資料下載網址,編碼格式,資資料集上架方式,資料集描述,主要欄位說明,提供機關,更新頻率,授權方式,相關網址,計費方式,提供機關聯絡人姓名,提供機關聯絡人電話,上架日期,詮釋資料更新時間,備註,資料量
165115,申辦、領取護照現場等待人數即時動態,檔案資料,公共資訊,銀,XML,https://www.boca.gov.tw/sp-wain-board-rss-1.xml,UTF-8,原始資料,外交部領事事務局現場及網路預約申辦護照領取護照現場等待人數,title;link;description;language;pubDate;copyright;location;AP_GeneralInProcessNumber;AP_GeneralWaitingPersonCount;AP_OnlineInProcessNumber;AP_OnlineWaitingPersonCount;RP_InProcessNumber;RP_WaitingPersonCount;RP_AMInProcessNumber;RP_AMWaitingPersonCount;RP_PMInProcessNumber;RP_PMInProcessNumber;AP_InProcessNumber;AP_WaitingPersonCount,外交部領事事務局,每1分,政府資料開放授權條款-第1版,https://www.boca.gov.tw/sp-wain-board-1.html,免費,汪士雄,0223432861,2023-08-31 00:00:00,2026-05-11 16:51:14,,0
177520,嘉義市政府網站-公報,檔案資料,公共資訊,白金,JSON,https://data.chiayi.gov.tw/opendata/api/getResource?oid=667c1664-a9cb-4b9d-b3ae-3d332ab121d2&rid=af9f41b9-3a5e-42f8-b56d-ac765542e675,UTF-8,系統介接程式,本項資料為提供嘉義市政府網站每月「市府公報」下載,Source;title;PostUnit;上版日期;File,嘉義市政府,每1月,政府資料開放授權條款-第1版,https://data.chiayi.gov.tw,免費,行政處文書檔案科,05-2254321,2026-05-05 00:00:00,2026-05-07 10:00:19,,50
177527,30期公報資料集,檔案資料,公共資訊,銅,PDF,https://ws.kinmen.gov.tw/001/Upload/0/relfile/0/0/56638308-35f9-4c4d-80fc-e5b1fde71099.pdf,UTF-8,系統介接程式,公報資料集描述,無,綜合發展處,不定期更新,政府資料開放授權條款-第1版,,免費,曹文豪 先生,082-318823,2026-05-05 16:24:00,2026-05-05 16:43:32,,1
177543,內政部115年度役政人員防災士培訓計畫,檔案資料,服兵役,銅,PDF,https://opdadm.moi.gov.tw/api/v1/no-auth/resource/api/dataset/1DA26F0C-9EE2-4883-9600-5E49539ED0E0/resource/E7E255FA-35DE-4C7A-BC82-2678E28351CB/download,UTF-8,系統介接程式,依據災害防救法第22條第1項第2款、第23條第1項第2款暨內政部113年9月16日內授消字第1131604415號令頒之「防災士培訓及認證管理要點」辦理，為配合替代役納入防災協作中心運作，中央與地方辦理替代役作業人員取得「防災士」認證。,文本語料,替代役訓練及管理中心,不定期更新,政府資料開放授權條款-第1版,,免費,徐儷家,049-2394456,2026-05-06 16:28:55,2026-05-07 08:33:01,文本語料,0
177545,函釋替代役備役勤務召集機制,檔案資料,服兵役,銅,PDF,https://opdadm.moi.gov.tw/api/v1/no-auth/resource/api/dataset/6E4D25CB-AD1B-4EB3-A635-F1332F93B9C4/resource/FBAC26D4-0580-4846-A9C4-EE32F2FAAB10/download,UTF-8,系統介接程式,有關替代役備役役男實施「勤務召集」執行災害防救工作之適用時機、辦理方式及執行作業細節等機制。,文本語料,替代役訓練及管理中心,不定期更新,政府資料開放授權條款-第1版,,免費,田怡珊,049-2394471,2026-05-06 16:28:55,2026-05-07 09:44:03,文本語料資料集,0
177644,桃園國際機場即時航班第二版,檔案資料,交通及通訊,金,CSV,https://odp.taoyuan-airport.com/dataset/2025102001?format=csv,UTF-8,系統介接程式,桃園國際機場即時航班,航廈;方向;航空公司代碼;航空公司中文;班次;機門;表訂日期;表訂時間;預計日期;預計時間;往來地點;往來地點英文;往來地點中文;備註;行李轉盤;報到櫃台;航班動態中文;航班動態英文;機型;其他航點;其他航點英文;其他航點中文,桃園國際機場股份有限公司,不定期更新,政府資料開放授權條款-第1版,,免費,王 先生,03-3063731,2026-05-20 00:00:00,2026-05-20 11:23:35,,0
177414,115年3月花蓮縣使用牌照稅稽徵   ,檔案資料,交通及通訊,金,CSV,https://ws.hl.gov.tw/001/Upload/518/relfile/22646/206742/3dba838b-29d4-4848-9fc2-4445fe8818d5.csv,UTF-8,原始資料,"花蓮縣車輛件數及稅額
",項目;件數合計;稅額合計;應稅車輛件數;應稅車輛稅額;臨時牌照車輛件數;臨時牌照車輛稅額;試車牌照車輛件數;試車牌照車輛稅額;免稅車輛,花蓮縣地方稅務局,不定期更新,政府資料開放授權條款-第1版,,免費,蔡欣華,038226121#242,2026-04-14 00:00:00,2026-04-14 15:41:35,,32
177447,115年3月花蓮縣滯納及違章罰鍰移送執行情形月報表(以前年度),檔案資料,公共資訊,銀,ODS,https://ws.hl.gov.tw/Download.ashx?u=LzAwMS9VcGxvYWQvNTE4L3JlbGZpbGUvMjI2NDYvMjA3MDkzL2E2ZDNmYzBjLTczMzctNDAwYy1iODE3LTViYTA2NDY3ZTQ1YS5vZHM%3d&n=MTE15bm0MDPmnIjoirHok67nuKPmu6%2fntI3lj4rpgZXnq6DnvbDpjbDnp7vpgIHln7fooYzmg4XlvaLmnIjloLHooago5Lul5YmN5bm05bqmKS5vZHM%3d,其他,原始資料,＊統計地區範圍及對象：凡逾滯納期未經徵起之欠稅費，經移送強制執行者均屬之。 ＊統計標準時間：本月資料以每月1日至月底，累計資料以每一會計年度起始日至當月底之事實為準。,花蓮縣地方稅務局,花蓮縣地方稅務局,不定期更新,政府資料開放授權條款-第1版,,免費,賴淑娟,03-8226121-413,2026-04-17 00:00:00,2026-04-17 14:25:27,,48
177436,114年警察機關受理詐欺案件概況,檔案資料,生活安全及品質,銅,PDF,https://opdadm.moi.gov.tw/api/v1/no-auth/resource/api/dataset/1005A4EB-F48F-44AE-A357-4D9549CB32B4/resource/D8E8C95F-ED1D-415B-A529-AEF5A815E195/download,UTF-8,系統介接程式,114年詐欺犯罪19.8萬件，詐欺被害人24歲以上皆以「投資詐欺」最多,文本資料,警政署,不定期更新,政府資料開放授權條款-第1版,,免費,王琇慧,02-23931791#6122,2026-04-16 14:09:25,2026-04-16 14:12:01,本資料集為文本語料資料,0
177687,交通部運輸研究所110年度會計報告,檔案資料,公共資訊,金,XML;XML;XML;XML;XML;XML;XML;XML;XML;XML;XML;XML,https://www.iot.gov.tw/uploads/asset/data/6662559f0857771c11b3a813/110-01XML.zip;https://www.iot.gov.tw/uploads/asset/data/6662559f08577750c42146b2/110-02%E6%9C%88%E5%A0%B1XML.zip;https://www.iot.gov.tw/uploads/asset/data/6662559f08577750c42146aa/110.03%E6%9C%88%E6%9C%88%E5%A0%B1_XML.zip;https://www.iot.gov.tw/uploads/asset/data/6662559e0857771c121e2ab6/11004%E6%9C%83%E8%A8%88%E6%9C%88%E5%A0%B1_XML.zip;https://www.iot.gov.tw/uploads/asset/data/6662559e0857771c121e2ab8/11005%E6%9C%88%E5%A0%B1XML.zip;https://www.iot.gov.tw/uploads/asset/data/6662559f0857771c11b3a815/110_06%E6%9C%88%E5%A0%B1XML.zip;https://www.iot.gov.tw/uploads/asset/data/6662559f08577750c42146b4/110_07%E6%9C%88%E5%A0%B1XML.zip;https://www.iot.gov.tw/uploads/asset/data/6662559e0857771c121e2ab4/11008%E6%9C%88%E5%A0%B1XML__1_.zip;https://www.iot.gov.tw/uploads/asset/data/6662559e08577750c42146a6/11009%E6%9C%88%E5%A0%B1_XML.zip;https://www.iot.gov.tw/uploads/asset/data/6662559f08577750c42146a8/110.10%E6%9C%88%E5%A0%B1_XML.zip;https://www.iot.gov.tw/uploads/asset/data/6662559f0857771c11b3a809/110.11_%E6%9C%88%E5%A0%B1XML.zip;https://www.iot.gov.tw/uploads/asset/data/6662559f0857771c11b3a80b/110-12%E6%9C%88%E5%A0%B1XML.zip,UTF-8;UTF-8;UTF-8;UTF-8;UTF-8;UTF-8;UTF-8;UTF-8;UTF-8;UTF-8;UTF-8;UTF-8,系統介接程式,歲入累計表、經費累計表、平衡表、無形資產變動表、歲出用途別累計表、繳付公庫數分析表、公庫撥付數分析表、收入支出表、預算執行及會計收支對照表,科目;預算數;累計分配數;執行數;執行數較分配增減數,交通部運輸研究所,不定期更新,政府資料開放授權條款-第1版,,免費,洪 小姐,02-23496739,2026-06-02 00:00:00,2026-06-03 16:36:33,,0;0;0;0;0;0;0;0;0;0;0;0
177691,車輛異動，記得辦理eTag終止及帳戶退費,檔案資料,交通及通訊,無(未做品檢),PDF,https://www.freeway.gov.tw/Download_File_Direct.ashx?id=643&FileConditionsID=1,其他,系統介接程式,民眾於監理機關辦理車輛異動登記，原車主除了要主動查詢及繳清通行費，避免產生逾期罰單外，也要記得辦理eTag終止及帳戶餘額退費,車輛異動，記得辦理eTag終止及帳戶退費,交通部高速公路局,不定期更新,政府資料開放授權條款-第1版,,免費,潘 小姐,02-29096141#2435,2026-06-03 00:00:00,2026-06-03 10:44:54,,0
177692,115年5月花蓮縣土地增值稅徵收,檔案資料,購屋及遷徙,金,CSV,https://ws.hl.gov.tw/Download.ashx?u=LzAwMS9VcGxvYWQvNTE4L3JlbGZpbGUvMjI2NDYvMjEwMzM1L2Q1MjRmYWYyLTVjMzgtNDlmOS1hMjAyLWI5MTRiNDNmYWE5Ny5jc3Y%3d&n=MTE15bm0NeaciOiKseiTrue4o%2bWcn%2bWcsOWinuWAvOeoheW%2bteaUti5jc3Y%3d,UTF-8,原始資料,花蓮縣115年5月土地增值稅徵收,類          別;;筆數;面積;土地漲價總數額;查定稅額;應納稅額,花蓮縣地方稅務局,不定期更新,政府資料開放授權條款-第1版,,免費,游守平,03-8226121#172,2026-06-03 00:00:00,2026-06-03 14:01:53,,13
177695,115年4月份村里人口數統計表,檔案資料,公共資訊,金,XML;CSV;JSON;XLSX,https://ws.kinmen.gov.tw/001/Upload/0/relfile/0/0/e534ece0-7260-4ab4-84c9-9a7268ec3787.xml;https://ws.kinmen.gov.tw/001/Upload/0/relfile/0/0/e534ece0-7260-4ab4-84c9-9a7268ec3787.csv;https://ws.kinmen.gov.tw/001/Upload/0/relfile/0/0/e534ece0-7260-4ab4-84c9-9a7268ec3787.json;https://ws.kinmen.gov.tw/001/Upload/0/relfile/0/0/e534ece0-7260-4ab4-84c9-9a7268ec3787.xls,UTF-8;BIG5;UTF-8;UTF-8,系統介接程式,金門縣各鄉鎮村里人口數,編號;村別數;鄰數;戶數;男數;女數;總人口數;出生人數;死亡人數;結婚對數;離婚對數;遷入人數;遷出人數,民政處,不定期更新,政府資料開放授權條款-第1版,,免費,鄭綿綿 女士,082-318823,2026-06-04 08:20:00,2026-06-04 08:21:07,,1;1;1;1
177556,115年4月新竹市iHsinchu免費無線上網熱點流量統計一覽表,檔案資料,公共資訊,白金,XLSX;CSV;XML;JSON,https://odws.hccg.gov.tw/001/Upload/25/opendataback/9059/1992/80b22a7e-6420-42a6-8f2a-91c048589735.xlsx;https://odws.hccg.gov.tw/001/Upload/25/opendataback/9059/1992/80b22a7e-6420-42a6-8f2a-91c048589735.csv;https://odws.hccg.gov.tw/001/Upload/25/opendataback/9059/1992/80b22a7e-6420-42a6-8f2a-91c048589735.xml;https://odws.hccg.gov.tw/001/Upload/25/opendataback/9059/1992/80b22a7e-6420-42a6-8f2a-91c048589735.json,UTF-8;UTF-8;UTF-8;UTF-8,系統介接程式,115年4月新竹市iHsinchu免費無線上網熱點流量統計一覽表供民眾參閱,年月;熱點名稱;使用人次;使用人數;總分鐘數;總流量MB,數位發展處,不定期更新,政府資料開放授權條款-第1版,,免費,劉丞閔|,03-5216121#339,2026-05-08 00:00:00,2026-05-08 12:44:58,,0;0;0;0
177779,115年度全國村里長團體傷害保險（富邦產險）之統計,檔案資料,公共資訊,白金,CSV,https://opdadm.moi.gov.tw/api/v1/no-auth/resource/api/dataset/3241B176-A27E-44D9-A1C4-554937BB1864/resource/C5571EA4-85E9-4A49-9148-0DB82B209084/download,UTF-8,系統介接程式,115年，第1季，第2季，第3季，第4季，全國村（里）長，團體傷害保險，縣（市）別,Date(日期);County_or _city(縣市別);Number_of_village_heads(村里長總人數);Insured_number_of_village_heads(村里長投保人數);Insurance_rate(投保率),民政司,不定期更新,政府資料開放授權條款-第1版,,免費,許富凱,02-23565414,2026-06-17 15:33:15,2026-06-17 15:35:03,,22
177780,115年5月花蓮縣使用牌照稅稽徵   ,檔案資料,交通及通訊,金,CSV,https://ws.hl.gov.tw/001/Upload/518/relfile/22646/211430/e9918fa1-b1ae-469b-9e60-8c57bed1b677.csv,UTF-8,原始資料,"花蓮縣車輛件數及稅額
",項目;件數合計;稅額合計;應稅車輛件數;應稅車輛稅額;臨時牌照車輛件數;臨時牌照車輛稅額;試車牌照車輛件數;試車牌照車輛稅額;免稅車輛,花蓮縣地方稅務局,不定期更新,政府資料開放授權條款-第1版,,免費,蔡欣華,038226121#242,2026-06-17 00:00:00,2026-06-17 17:38:24,,32
177789,我推動參與國際民航組織(ICAO)案說帖,檔案資料,公共資訊,金,CSV,https://ws.mofa.gov.tw/001/Upload/402/relfile/184/122512/6ff601fc-e075-4fe8-806c-09ba129db45d.csv,UTF-8,原始資料,我推動參與「國際民航組織」(ICAO)說帖中文版,年份;語系;主旨;內容,外交部,不定期更新,政府資料開放授權條款-第1版,https://subsite.mofa.gov.tw/igo/News_Content.aspx?n=6009&s=121245,免費,黃學楀,02-2380-5370,2026-06-18 00:00:00,2026-06-22 09:18:04,,2
177783,我推動參與世界衛生組織我推動參與(WHO)案部長專文,檔案資料,公共資訊,金,CSV,https://ws.mofa.gov.tw/001/Upload/402/relfile/184/122512/96f2eab9-8525-42d6-a2ea-6433cb09eb87.csv,UTF-8,原始資料,我推動參與「世界衛生大會」(WHA)案衛生福利部長專文(中英文版),年份;語系;主旨;內容,外交部,不定期更新,政府資料開放授權條款-第1版,https://ws.mofa.gov.tw/001/Upload/402/relfile/184/122512/96f2eab9-8525-42d6-a2ea-6433cb09eb87.csv,免費,黃學楀,02-2380-5370,2026-06-22 00:00:00,2026-06-18 18:56:50,,2
177784,我推動參與世界衛生組織(WHO)案說帖,檔案資料,公共資訊,金,CSV,https://ws.mofa.gov.tw/001/Upload/402/relfile/184/122512/8fcb7951-c562-4ca1-9c6a-51619fd8ca40.csv,UTF-8,原始資料,我推動參與「世界衛生大會」(WHA)案說帖,年份;主旨;內容,外交部,不定期更新,政府資料開放授權條款-第1版,https://ws.mofa.gov.tw/001/Upload/402/relfile/184/122512/8fcb7951-c562-4ca1-9c6a-51619fd8ca40.csv,免費,黃學楀,02-2380-5370,2026-06-22 00:00:00,2026-06-18 18:49:24,,1
177743,115年5月花蓮縣各項稅捐實徵淨額與預算數及上年同期比較-本月數,檔案資料,公共資訊,白金,CSV,https://ws.hl.gov.tw/Download.ashx?u=LzAwMS9VcGxvYWQvNTE4L3JlbGZpbGUvMjI2NDYvMjEwOTI3L2ZjZDFkMTE1LWEzNmYtNDM1Ni05NDM1LTlkYmQyYzE5NTI0YS5jc3Y%3d&n=MTE15bm0NeaciOiKseiTrue4o%2bWQhOmgheeoheaNkOWvpuW%2btea3qOmhjeiIh%2bmgkOeul%2baVuOWPiuS4iuW5tOWQjOacn%2bavlOi8gy3mnKzmnIjmlbguY3N2,UTF-8,原始資料,花蓮縣各項稅捐實徵淨額與預算數及上年同期比較-本月數,稅目別;本月實徵數合計(新臺幣元);本月實徵數本年度(新臺幣元);本月實徵數以前年度(新臺幣元);本月退還以前年度歲入款(新臺幣元);本月實徵淨額(新臺幣元);本月分配預算數(新臺幣元);本月實徵淨額占預算數(%);上年同月實徵淨額(新臺幣元);本月實徵淨額與上年同月比較增減(%),花蓮縣地方稅務局,不定期更新,政府資料開放授權條款-第1版,https://csa.hl.gov.tw/opendata/News_Content.aspx?Create=1&n=26021&state=F5D336F102ACBC68&s=210927&ccms_cs=1&sms=22646,免費,陳可威,03-8226121#153,2026-06-11 00:00:00,2026-06-11 13:30:11,,25
177744,115年5月花蓮縣各項稅捐實徵淨額與預算數及上年同期比較-累計數,檔案資料,公共資訊,白金,CSV,https://ws.hl.gov.tw/Download.ashx?u=LzAwMS9VcGxvYWQvNTE4L3JlbGZpbGUvMjI2NDYvMjEwOTI4L2U3MmU4ODRlLTAyYmQtNDNmNy1iNDQ5LWQ3MjM1NjVhNDQyNC5jc3Y%3d&n=MTE15bm0NeaciOiKseiTrue4o%2bWQhOmgheeoheaNkOWvpuW%2btea3qOmhjeiIh%2bmgkOeul%2baVuOWPiuS4iuW5tOWQjOacn%2bavlOi8gy3ntK%2foqIjmlbguY3N2,UTF-8,原始資料,花蓮縣各項稅捐實徵淨額與預算數及上年同期比較-累計數,稅目別;累計實徵數合計(新臺幣元);累計實徵數本年度(新臺幣元);累計實徵數以前年度(新臺幣元);累計退還以前年度收入數(新臺幣元);累計實徵淨額(新臺幣元);全年度預算數(新臺幣元);累計實徵淨額占全年預算數百分比(%);同期分配預算數(新臺幣元);累計實徵淨額占同期分配預算數百分比(%);上年同期實徵淨額(新臺幣元);累計實徵淨額與上年同期比較增減(%),花蓮縣地方稅務局,不定期更新,政府資料開放授權條款-第1版,https://csa.hl.gov.tw/opendata/News_Content.aspx?Create=1&n=26021&state=F5D336F102ACBC68&s=210928&ccms_cs=1&sms=22646,免費,陳可威,03-8226121#153,2026-06-11 00:00:00,2026-06-11 13:31:31,,25
177756,115年5月花蓮縣滯納及違章罰鍰移送執行情形月報表(以前年度),檔案資料,公共資訊,金,ODS,https://ws.hl.gov.tw/Download.ashx?u=LzAwMS9VcGxvYWQvNTE4L3JlbGZpbGUvMjI2NDYvMjEwOTkyL2Q3NWI5YWUzLTdkYTYtNDgxZC04ODg0LWNkMzEyZjllODhkNC5vZHM%3d&n=MTE15bm0NeaciOiKseiTrue4o%2ba7r%2be0jeWPiumBleeroOe9sOmNsOenu%2bmAgeWft%2bihjOaDheW9ouaciOWgseihqCjku6XliY3lubTluqYpLm9kcw%3d%3d,其他,原始資料,＊統計地區範圍及對象：凡逾滯納期未經徵起之欠稅費，經移送強制執行者均屬之。 ＊統計標準時間：本月資料以每月1日至月底，累計資料以每一會計年度起始日至當月底之事實為準。,花蓮縣地方稅務局,花蓮縣地方稅務局,不定期更新,政府資料開放授權條款-第1版,,免費,賴淑娟,03-8226121-413,2026-06-12 00:00:00,2026-06-12 10:17:18,,48
177754,115年5月花蓮縣滯納及違章罰鍰移送執行情形月報表(本年度),檔案資料,公共資訊,金,ODS,https://ws.hl.gov.tw/Download.ashx?u=LzAwMS9VcGxvYWQvNTE4L3JlbGZpbGUvMjI2NDYvMjEwOTkxL2I3MWRhYjkyLTU5YzUtNDEwYS04NmNjLTQ0OGUxYWYwNzA3ZC5vZHM%3d&n=MTE15bm0NeaciOiKseiTrue4o%2ba7r%2be0jeWPiumBleeroOe9sOmNsOenu%2bmAgeWft%2bihjOaDheW9ouaciOWgseihqCjmnKzlubTluqYpLm9kcw%3d%3d,其他,原始資料,＊統計地區範圍及對象：凡逾滯納期未經徵起之欠稅費，經移送強制執行者均屬之。 ＊統計標準時間：本月資料以每月1日至月底，累計資料以每一會計年度起始日至當月底之事實為準。,花蓮縣地方稅務局,花蓮縣地方稅務局,不定期更新,政府資料開放授權條款-第1版,,免費,賴淑娟,03-8226121-413,2026-06-12 00:00:00,2026-06-12 10:14:16,,48
177769,郵政簡易人壽保險年報,檔案資料,公共資訊,白金,CSV,https://www.motc.gov.tw/uploaddowndoc?file=datagov/1515911198967599104.csv&filedisplay=郵政簡易人壽保險年報_下載連結.csv&flag=doc,BIG5,系統介接程式,本資料集提供中華郵政公司壽險業務年報。,檔案名稱;格式;下載網址,中華郵政股份有限公司,每1年,政府資料開放授權條款-第1版,https://www.post.gov.tw/post/internet/Insurance/index.jsp?ID=4010402,免費,劉 小姐,02-23931261,2026-06-15 00:00:00,2026-06-18 13:53:46,,0
177487,108年低碳永續家園專案推動工作成果(線上簽核公文數量-基層機關),檔案資料,公共資訊,金,CSV,https://webws.miaoli.gov.tw/001/Upload/414/relfile/9718/296788/48c663b8-18a4-4845-833f-d1a6b4011d04.csv,BIG5,系統介接程式,108年低碳永續家園專案推動工作成果(線上簽核公文數量-基層機關)-苗栗縣政府計畫處,年度;月份;量化成果,數位研考處,不定期更新,政府資料開放授權條款-第1版,,免費,黃博君 先生,037-559743,2020-03-13 00:00:00,2026-04-29 08:07:16,,12
177486,臺東縣警察局115年「固定式取締違規照相桿暨科技執法偵測」設置地點公告1150424,檔案資料,交通及通訊,無(品檢未過),PDF,https://www.ttcpb.gov.tw/uploaddowndoc?file=/pubttcpb/comm/202604241143550.pdf&flag=doc,其他,系統介接程式,臺東縣警察局115年固定式取締違規照相桿暨科技執法偵測設置地點-1150424公告,設置地點、座標、取締項目,臺東縣政府,不定期更新,政府資料開放授權條款-第1版,,免費,楊忠豪,089325801,2026-04-24 00:00:00,2026-04-28 14:53:11,,0
177706,115年花蓮縣房屋稅查定,檔案資料,公共資訊,金,CSV,https://ws.hl.gov.tw/001/Upload/518/relfile/22646/210462/9776b6e0-ff2d-4a05-a708-6c95d1e675cb.csv,BIG5,原始資料,花蓮縣房屋稅查定,類別;應稅戶(件)數;應稅本稅;應稅面積;應稅現值;免稅戶(件)數;免稅面積;免稅現值,花蓮縣地方稅務局,不定期更新,政府資料開放授權條款-第1版,,免費,陳韻涵,03-8226121#232,2026-06-05 00:00:00,2026-06-05 10:09:45,,23
177702,115年3月人口統計,檔案資料,公共資訊,金,ODS,https://www.matsu.gov.tw/chhtml/adddownloadcount/371030000A/111962?mcfilename=Mcfile2&type=D,其他,原始資料,連江縣115年3月的人口總數與分布情況,鄉別;村別;鄰數;戶數;人口合計;男;女;遷入;遷出;出生;死亡;結婚;離婚,連江縣政府,不定期更新,政府資料開放授權條款-第1版,,免費,黃典政,0836-25139#6563,2026-06-04 00:00:00,2026-06-04 17:39:13,,28
177703,115年4月人口統計,檔案資料,公共資訊,金,ODS,https://www.matsu.gov.tw/chhtml/adddownloadcount/371030000A/111963?mcfilename=Mcfile2&type=D,其他,原始資料,連江縣在115年4月的人口總數、男女比例。,鄉別;村別;鄰數;戶數;人口合計;男;女;遷入;遷出;出生;死亡;結婚;離婚,連江縣政府,不定期更新,政府資料開放授權條款-第1版,,免費,黃典政,0836-25139,2026-06-04 00:00:00,2026-06-04 17:42:34,,28
177710,110年低碳永續家園專案推動工作成果(線上簽核公文數量-基層機關),檔案資料,公共資訊,金,CSV,https://webws.miaoli.gov.tw/001/Upload/414/relfile/9718/507283/99e888d2-d44d-4538-b17f-7f43d26963c2.csv,BIG5,系統介接程式,110年低碳永續家園專案推動工作成果(線上簽核公文數量-基層機關)。,年度;月份;量化成果,數位研考處,不定期更新,政府資料開放授權條款-第1版,,免費,黃博君 小姐,037-559743,2022-03-21 00:00:00,2026-06-05 16:24:47,,12
177541,監察院公報,檔案資料,公共資訊,白金,CSV,https://www-ws.cy.gov.tw/Download.ashx?u=LzAwMS9VcGxvYWQvMy9yZWxmaWxlLzAvODc0L2RhMDAwYWJkLTBiOTEtNGNkOS1iOTQwLTE3ZTgwNTc0YTgxYy5jc3Y%3d&n=MjAyNjA2MTdf5YWs5aCx6LOH5paZLmNzdg%3d%3d,UTF-8,原始資料,依監察院公報編印要點規定，刊登公報內容，主動公開政府資訊。,項次編號;期別編號;出刊日期;檔案連結網址;聯絡人;聯絡電話;分機,監察院,每2月,政府資料開放授權條款-第1版,,免費,楊先生,02-23413183#133,2026-05-06 00:00:00,2026-06-25 09:04:34,,1000
177542,ICOPE自評量表原住民族語翻譯稿件,檔案資料,老年安養,銅,PDF,https://ttone.taitung.gov.tw/download?id=Kfed%2B4%2FwrMSH4DFwlepwOw%3D%3D,其他,系統介接程式,國民健康署長者內在能力檢測推動計畫宣導素材原住民族語版本翻譯稿件,無,臺東縣衛生局,不定期更新,政府資料開放授權條款-第1版,https://ttone.taitung.gov.tw/download?id=Kfed%2B4%2FwrMSH4DFwlepwOw%3D%3D,免費,吳柏翰,089-331171#309,2026-04-10 00:00:00,2026-05-06 15:40:28,,0
177538,苗栗縣政府公報,檔案資料,公共資訊,金,CSV,https://webws.miaoli.gov.tw/Download.ashx?u=LzAwMS9VcGxvYWQvb3BlbmRhdGEvMjExNi9hMzg3YTZlNi0zZTExLTRlYjItOWFmMS1mNDg0MThmY2UzYzcuY3N2&n=6IuX5qCX57ij5pS%2f5bqc5YWs5aCxLmNzdg%3d%3d&icon=.csv,UTF-8,系統介接程式,歷年苗栗縣政府公報,序號;標題;日期;網址,行政處,不定期更新,政府資料開放授權條款-第1版,,免費,彭 小姐,037-559259,2026-05-06 00:00:00,2026-05-06 14:38:45,,132
177534,115年4月花蓮縣礦石開採景觀維護特別稅徵績表,檔案資料,公共資訊,金,CSV,https://ws.hl.gov.tw/Download.ashx?u=LzAwMS9VcGxvYWQvNTE4L3JlbGZpbGUvMjI2NDYvMjA4Mzc3LzBlZjA1NWRjLWYzZTUtNDI5NC05ZjQ1LWZkYmY2NjIxMDBjYS5jc3Y%3d&n=6Iqx6JOu57ij56Sm55%2bz6ZaL5o6h5pmv6KeA57at6K2354m55Yil56iFMTE15bm05bqmNOaciOS7veW%2btee4vuihqC5jc3Y%3d,UTF-8,原始資料,花蓮縣礦石開採景觀維護特別稅徵績表,花蓮縣礦石開採景觀維護特別稅115年度4月份徵績表;,花蓮縣地方稅務局,不定期更新,政府資料開放授權條款-第1版,,免費,林辰蓉,03-8226121,2026-05-06 00:00:00,2026-05-06 14:08:09,,24
177531,公報資料集,檔案資料,公共資訊,金,CSV,https://ws.kinmen.gov.tw/001/Upload/0/relfile/0/0/ad5f73ce-ea8d-4924-a642-b6466a91619a.csv,UTF-8,系統介接程式,公報資料集描述,序號 標題 網址,綜合發展處,不定期更新,政府資料開放授權條款-第1版,,免費,曹文豪 先生,082-318823,2026-05-06 10:17:00,2026-05-06 10:21:22,,1
177630,115年4月花蓮縣滯納及違章罰鍰移送執行情形月報表(以前年度),檔案資料,公共資訊,銀,ODS,https://ws.hl.gov.tw/Download.ashx?u=LzAwMS9VcGxvYWQvNTE4L3JlbGZpbGUvMjI2NDYvMjA5MTE3LzNkY2QzYjY5LWU3MmUtNGNjYi1hMzE2LTViN2NkYzQxMDJjZS5vZHM%3d&n=MTE15bm0NOaciOiKseiTrue4o%2ba7r%2be0jeWPiumBleeroOe9sOmNsOenu%2bmAgeWft%2bihjOaDheW9ouaciOWgseihqCjku6XliY3lubTluqYpLm9kcw%3d%3d,其他,原始資料,統計地區範圍及對象：凡逾滯納期未經徵起之欠稅費，經移送強制執行者均屬之。 ＊統計標準時間：本月資料以每月1日至月底，累計資料以每一會計年度起始日至當月底之事實為準。,花蓮縣地方稅務局,花蓮縣地方稅務局,不定期更新,政府資料開放授權條款-第1版,,免費,賴淑娟,03-8226121#413,2026-05-18 00:00:00,2026-05-18 09:24:53,,48
177635,高雄市政府公報,檔案資料,公共資訊,金,JSON;CSV,https://openapi.kcg.gov.tw/Api/Service/Get/2b907e59-174d-4ff3-bb4f-a520d7fb25ec;https://data.kcg.gov.tw/File/directDownload/2b907e59-174d-4ff3-bb4f-a520d7fb25ec,UTF-8;UTF-8,系統介接程式,本資料集收錄本府發行之公報,No(No);內文網址(內文網址);卷期(卷期);刊登日期(刊登日期);刊登日期年(刊登日期年),高雄市政府研究發展考核委員會,不定期更新,政府資料開放授權條款-第1版,https://data.kcg.gov.tw/DataSet/Detail/ee77eb97-6a59-4dbc-8ab8-aa60fda2e7fa,免費,傅景培,(07)3368333,2026-05-18 00:00:00,2026-06-23 11:24:24,,0;0
177182,全國地方稅網路與臨櫃申報件數統計表,檔案資料,公共資訊,無(品檢未過),CSV;CSV,https://ws-tm.cyhg.gov.tw/001/Upload/1330/relfile/13620/251162/2f995f22-78ca-4f44-8379-1e8e6f219258.csv;https://ws-tm.cyhg.gov.tw/001/Upload/1330/relfile/13620/251162/34f14690-5cc2-4286-9d91-cd630873b492.csv,BIG-5;BIG-5,系統介接程式,全國地方稅網路與臨櫃申報件數統計表_資料集描述,,嘉義縣財政稅務局,不定期更新,政府資料開放授權條款-第1版,,免費,黃 先生,05-3620909#605,2026-03-10 00:50:00,2026-03-10 00:57:35,,
177209,臺灣高等檢察署花蓮檢察分署115年度2月份會計月報,檔案資料,公共資訊,金,ZIP,https://www.hlh.moj.gov.tw/media/430858/115%E5%B9%B42%E6%9C%88%E4%BB%BD%E6%9C%83%E8%A8%88%E6%9C%88%E5%A0%B1xml%E6%AA%94.zip?mediaDL=true,UTF-8,原始資料,會計月報,會計年度;月份;款;項;目;節;預算年度;預算科目編號;預算科目名稱;細目編號;細目名稱;原預算數;追加減數;截至本月止累計分配數_1;本月實現數;截至本月止累計實現數_2;應收收入數_3;分配數預算餘額_4;分支計畫編號;分支計畫名稱;用途別編號;用途別名稱;第一預備金;第二預備金;經費流用數;預算調整數;應付數;已分配尚未執行數;備註_預暫付數;業務計畫或工作計畫;經資門;執行數;會計分類;項目;收入實現數;減項_收入待納庫數;加項_以前年度待納庫繳庫數;加項_以前年度撥款於本年度繳還數_材料;加項_以前年度撥款於本年度繳還數_存出保證金;加項_以前年度撥款於本年度繳還數_其他應收款;加項_預收款;加項_剔除經費;繳付公庫數;一級用途別編號;一級用途別名稱;支出實現數;加項_預付款;加項_材料;加項_存出保證金;加項_零用金;加項_退還收入預收款;加項_其他應收款;減項_以前年度撥款於本年度實現數;公庫撥入數;公庫分配數餘額;基金別;使用機關別;科目分類;會計科目編號;會計科目名稱;金額;金額_本月數;金額_累計數;科目名稱;取得成本;以前年度累計折舊_長期投資評價;本年度資本資產成本變動_增加數;本年度資本資產成本變動_減少數;本年度累計折舊_長期投資評價變動數;期末帳面金額;備註;預算項目;預算執行數;調整數;會計收支;會計科目,臺灣高等檢察署花蓮檢察分署,不定期更新,政府資料開放授權條款-第1版,,免費,林小姐,03-8225112#204,2026-03-12 00:00:00,2026-03-12 15:45:44,,172
177213,115年2月花蓮縣各項稅捐實徵淨額與預算數及上年同期比較-本月數,檔案資料,公共資訊,白金,CSV,https://ws.hl.gov.tw/Download.ashx?u=LzAwMS9VcGxvYWQvNTE4L3JlbGZpbGUvMjI2NDYvMjA0ODAyLzBiMDE2NGYwLTQ5M2YtNDE2Ny1iN2JhLWIxODE2NWU2ZGVhYi5jc3Y%3d&n=MTE15bm0MuaciOiKseiTrue4o%2bWQhOmgheeoheaNkOWvpuW%2btea3qOmhjeiIh%2bmgkOeul%2baVuOWPiuS4iuW5tOWQjOacn%2bavlOi8gy3mnKzmnIjmlbguY3N2,UTF-8,原始資料,花蓮縣各項稅捐實徵淨額與預算數及上年同期比較-本月數,稅目別;本月實徵數合計(新臺幣元);本月實徵數本年度(新臺幣元);本月實徵數以前年度(新臺幣元);本月退還以前年度歲入款(新臺幣元);本月實徵淨額(新臺幣元);本月分配預算數(新臺幣元);本月實徵淨額占預算數(%);上年同月實徵淨額(新臺幣元);本月實徵淨額與上年同月比較增減(%),花蓮縣地方稅務局,不定期更新,政府資料開放授權條款-第1版,,免費,陳可威,03-8226121#153,2026-03-12 00:00:00,2026-03-12 15:56:44,,25
177259,臺中市113年11月份十大易肇事路段(口),檔案資料,交通及通訊,白金,CSV,https://newdatacenter.taichung.gov.tw/api/v1/no-auth/resource.download?rid=181d067d-5208-4873-8701-5bede808c72a,UTF-8,系統介接程式,臺中市113年11月份十大高肇事路口交通事故資料,編號;縣市別代碼;市話;轄區分局;路口名稱;A1;A2;A3;總件數;死亡人數;受傷人數;發生時間;主要肇因,臺中市政府警察局,不定期更新,政府資料開放授權條款-第1版,,免費,施先生,(04)23272933,2025-02-04 14:21:07,2026-05-06 11:27:14,臺中市政府OAS標準之API說明文件:https://datacenter.taichung.gov.tw/swagger/yaml/387130000C ，Swagger 產生API說明頁面網址。https://datacenter.taichung.gov.tw/swagger/api-docs/,10
177261,114年竊盜案件概況,檔案資料,生活安全及品質,銅,PDF,https://opdadm.moi.gov.tw/api/v1/no-auth/resource/api/dataset/FFE198D6-5ABD-4B4A-8D7D-B6BE3987189A/resource/FE7AD856-6060-4D29-BFE8-92D5771C8C93/download,UTF-8,系統介接程式,114年竊盜案件計發生7.7萬件，以「普通竊盜」占93.70%最多。,文本資料,警政署,不定期更新,政府資料開放授權條款-第1版,,免費,王琇慧,02-23931791#6122,2026-03-18 15:39:57,2026-03-19 14:05:01,本資料集為文本語料資料,0
177257,115年1月人口統計,檔案資料,公共資訊,金,ODS,https://www.matsu.gov.tw/chhtml/adddownloadcount/371030000A/109854?mcfilename=Mcfile2&type=D,其他,原始資料,115年1月連江縣內人口統計,鄉別;村別;鄰數;戶數;人口合計;男;女;遷入;遷出;出生;死亡;結婚;離婚,連江縣政府,不定期更新,政府資料開放授權條款-第1版,,免費,黃典政,0836-25139#6563,2026-03-17 00:00:00,2026-03-17 17:16:17,,28
177240,115年2月花蓮縣使用牌照稅稽徵,檔案資料,交通及通訊,金,CSV,https://ws.hl.gov.tw/001/Upload/518/relfile/22646/204922/77042a1d-60d6-49bc-9187-4a07570218c5.csv,UTF-8,原始資料,花蓮縣車輛件數及稅額,項目;件數合計;稅額合計;應稅車輛件數;應稅車輛稅額;臨時牌照車輛件數;臨時牌照車輛稅額;試車牌照車輛件數;試車牌照車輛稅額;免稅車輛,花蓮縣地方稅務局,不定期更新,政府資料開放授權條款-第1版,,免費,蔡欣華,03-8226121#242,2026-03-14 00:00:00,2026-03-14 13:19:30,,32
177250,106年低碳永續家園專案推動工作成果(線上簽核公文數量-本府與所屬機關),檔案資料,公共資訊,金,CSV,https://webws.miaoli.gov.tw/001/Upload/414/relfile/9718/395815/2a534215-82c9-462a-80b6-1b81bb460af5.csv,BIG5,系統介接程式,106年線上簽核公文數量,年度;月份;量化成果,數位研考處,不定期更新,政府資料開放授權條款-第1版,,免費,黃博君 先生,037-559743,2021-03-08 00:00:00,2026-04-17 08:53:48,,12
177252,經濟部商業發展署單位預算,檔案資料,公共資訊,金,CSV;CSV;CSV;ZIP;CSV,https://www.aoc.gov.tw/F/113budget1csv;https://www.aoc.gov.tw/F/113budget2csv;https://www.aoc.gov.tw/F/114budget1csv;https://www.aoc.gov.tw/F/114budget2zip;https://www.aoc.gov.tw/F/115budget1csv,UTF-8;UTF-8;UTF-8;UTF-8;UTF-8,原始資料,單位預算,年份;檔案名稱;檔案格式;下載網址;備註,經濟部商業發展署,每1年,政府資料開放授權條款-第1版,https://www.aoc.gov.tw/subclass/budgetFiles/136/48,免費,林文晟,049-2359171#5826,2026-03-27 00:00:00,2026-03-19 14:17:01,,1;1;1;1;1
177270,115年度新北市總預算歲出政事別預算比較總表（經資門併計）,檔案資料,公共資訊,白金,CSV,https://data.ntpc.gov.tw/api/datasets/d7b6c004-51e7-40a5-a0cc-9abb06ffee8e/csv/file,UTF-8,系統介接程式,"""1.115年度新北市總預算歲出政事別預算比較總表（經資門併計） 2.單位：新臺幣千元 3.完整資料詳參""""新北市政府主計處網頁->總預算->115年度""""(https://www.bas.ntpc.gov.tw/home.jsp?id=ae62173b3896f185&act=be4f48068b2b0031&dataserno=d8bf58b2f71362064837b29531822b41)或電洽主計處查詢。""",field1(項目);amounts unit dollars2(本年度預算數);amounts unit dollars3(上年度預算數);amounts unit dollars4(前年度決算數);amounts unit dollars5(本年度與上年度比較),新北市政府主計處,不定期更新,政府資料開放授權條款-第1版,,免費,蔡靜雯,(02)29603456#7463,2026-03-19 00:00:00,2026-03-20 13:54:32,OpenAPI文件下載: https://data.ntpc.gov.tw/api/v1/openapi/units/1180000,23
177263,縣府落實慢經濟的目標與遠景,檔案資料,公共資訊,銅,PDF,https://ttone.taitung.gov.tw/download?id=8scbGD%2Bsfy7Ity3lhtZ7TA%3D%3D,其他,系統介接程式,以完整論述及圖文並茂的內容，描繪臺東美好生活的施政願景，明確勾勒出縣府在落實慢經濟的目標與遠景，即發展自然真實的經濟模式、營造優美的城鄉生活環境、致力多元應用的智慧城市、型塑大臺東藝術文化園區、建構全面完善的社福系統以及打造南島原住民族文化首都，透過六大面向來進行全方位的規劃。, ,國際發展及計畫處,不定期更新,政府資料開放授權條款-第1版,,免費,廖珮詩,322714,2026-03-20 00:00:00,2026-03-20 09:31:02,,0
177264,115年度新北市總預算基金別預算分析表,檔案資料,公共資訊,白金,CSV,https://data.ntpc.gov.tw/api/datasets/f95392b0-2a09-490d-97e4-969be2f7bf62/csv/file,UTF-8,系統介接程式,"""1.115年度新北市總預算基金別預算分析表 2.單位：新臺幣千元 3.完整資料詳參""""新北市政府主計處網頁->總預算->115年度""""(https://www.bas.ntpc.gov.tw/home.jsp?id=ae62173b3896f185&act=be4f48068b2b0031&dataserno=d8bf58b2f71362064837b29531822b36)或電洽主計處查詢。""",field1(項目);amounts unit dollars2(本年度收入預算數);amounts unit dollars3(本年度支出預算數);amounts unit dollars4(上年度收入預算數);amounts unit dollars5(上年度支出預算數);amounts unit dollars6(本年度收入預算數與上年度收入預算數比較);amounts unit dollars7(本年度支出預算數與上年度支出預算數比較),新北市政府主計處,不定期更新,政府資料開放授權條款-第1版,,免費,蔡靜雯,(02)29603456#7463,2026-03-19 00:00:00,2026-03-20 13:52:17,OpenAPI文件下載: https://data.ntpc.gov.tw/api/v1/openapi/units/1180000,27
177268,115年度新北市總預算歲入歲出簡明比較分析表,檔案資料,公共資訊,白金,CSV,https://data.ntpc.gov.tw/api/datasets/6fa0bba2-7e2d-442d-adf0-c2699f0e3ba5/csv/file,UTF-8,系統介接程式,"""1.115年度新北市總預算歲入歲出簡明比較分析表 2.單位：新臺幣千元 3.完整資料詳參""""新北市政府主計處網頁->總預算->115年度""""(https://www.bas.ntpc.gov.tw/home.jsp?id=ae62173b3896f185&act=be4f48068b2b0031&dataserno=d8bf58b2f71362064837b29531822b40)或電洽主計處查詢。""",field1(項目);amountsunitdollars2(本年度預算數);amountsunitdollars3(占本年度歲入合計數/歲出合計數之百分比);amountsunitdollars4(上年度預算數);amountsunitdollars5(占上年度歲入合計數/歲出合計數之百分比);amountsunitdollars6(前年度決算數);amountsunitdollars7(占前年度歲入合計數/歲出合計數之百分比);amountsunitdollars8(本年度較上年度預算增減數);amountsunitdollars9(本年度較上年度預算增減比率),新北市政府主計處,不定期更新,政府資料開放授權條款-第1版,,免費,蔡靜雯,(02)29603456#7463,2026-03-19 00:00:00,2026-03-20 13:53:47,OpenAPI文件下載: https://data.ntpc.gov.tw/api/v1/openapi/units/1180000,22
177272,115年度新北市總預算歲出機關別預算比較總表(經資門併計),檔案資料,公共資訊,白金,CSV,https://data.ntpc.gov.tw/api/datasets/87b954b8-d48d-4bfb-b036-35a6ce5c7109/csv/file,UTF-8,系統介接程式,"""1.115年度新北市總預算歲出機關別預算比較總表(經資門併計) 2.單位：新臺幣千元 3.完整資料詳參""""新北市政府主計處網頁->總預算->115年度""""(https://www.bas.ntpc.gov.tw/home.jsp?id=ae62173b3896f185&act=be4f48068b2b0031&dataserno=d8bf58b2f71362064837b29531822b43)或電洽主計處查詢。""",field1(項目);amounts unit dollars2(本年度預算數);amounts unit dollars3(上年度預算數);amounts unit dollars4(前年度決算數);amounts unit dollars5(本年度與上年度比較),新北市政府主計處,不定期更新,政府資料開放授權條款-第1版,,免費,蔡靜雯,(02)29603456#7463,2026-03-19 00:00:00,2026-03-20 13:55:03,OpenAPI文件下載: https://data.ntpc.gov.tw/api/v1/openapi/units/1180000,63
177288,附冊 鐵道安全管理系統-實務作業指引與教育訓練教材彙編,檔案資料,交通及通訊,銅,PDF,https://www.motc.gov.tw/uploaddowndoc?file=datagov/1485550898200449024.pdf&filedisplay=27.111年_運輸安全組_附冊：鐵道安全管理系統-實務作業指引與教育訓練教材彙編.pdf&flag=doc,UTF-8,系統介接程式,「精進鐵道安全管理系統12 要項實務作業指引之研析」之研究係彙整出適用於我國鐵道業的四階實務作業指引，涵蓋SMS 的12 要項，包含落實步驟及持續運作機制。營運機構可據此擬定適合自身的程序，或用以檢視既有程序的完備性。本彙編係配合前揭研究，彙整本所之研究成果，期望能協助各鐵道營運機構順利推動安全管理系統，泛用各鐵道營運機構之通用性指引。本彙編的12 要項分類並非唯一做法，營運機構可另行彙整適用於自身的安全管理系統架構，惟其架構應該要能與未來修法要求互相對照，據以涵蓋鐵道營運安全重點工作。,檔案資料,交通部運輸研究所,不定期更新,政府資料開放授權條款-第1版,,免費,何毓芬 小姐,02-23496890,2026-03-23 00:00:00,2026-03-23 18:08:22,,5
177283,郵政博物館場地租用申請書,檔案資料,公共資訊,白金,CSV,https://www.motc.gov.tw/uploaddowndoc?file=datagov/1485465655158247424.csv&filedisplay=郵政博物館場地租用申請書.csv&flag=doc,BIG5,系統介接程式,申請郵政博物館本館各類開放出租場地服務,檔案名稱;格式;下載網址,中華郵政股份有限公司,不定期更新,政府資料開放授權條款-第1版,https://museum.post.gov.tw/post/Postal_Museum/museum/index.jsp?ID=152,免費,許 先生,02-23945185,2026-03-23 00:00:00,2026-03-23 10:30:42,,0
177286,郵政博物館預約參觀申請表,檔案資料,公共資訊,白金,CSV,https://www.motc.gov.tw/uploaddowndoc?file=datagov/1485467417550262272.csv&filedisplay=郵政博物館預約參觀申請表(含本館、臺北館、臺中館、高雄館).csv&flag=doc,BIG5,系統介接程式,申請郵政博物館本館、臺北館、臺中館及高雄館預約參觀服務,檔案名稱;格式;下載網址,中華郵政股份有限公司,不定期更新,政府資料開放授權條款-第1版,https://museum.post.gov.tw/post/Postal_Museum/museum/index.jsp?ID=152,免費,許 先生,02-23945185,2026-03-23 00:00:00,2026-03-23 10:37:24,,0
177284,郵政博物館專業圖書室借書單,檔案資料,公共資訊,白金,CSV,https://www.motc.gov.tw/uploaddowndoc?file=datagov/1485466227114512384.csv&filedisplay=郵政博物館專業圖書室借書單.csv&flag=doc,BIG5,系統介接程式,借閱郵政博物館本館專業圖書室藏書,檔案名稱;格式;下載網址,中華郵政股份有限公司,不定期更新,政府資料開放授權條款-第1版,https://museum.post.gov.tw/post/Postal_Museum/museum/index.jsp?ID=152,免費,許 先生,02-23945185,2026-03-23 00:00:00,2026-03-23 10:32:55,,0
177285,郵政博物館場地租用取消或變更通知書,檔案資料,公共資訊,白金,CSV,https://www.motc.gov.tw/uploaddowndoc?file=datagov/1485466790149492736.csv&filedisplay=郵政博物館場地租用取消或變更通知書.csv&flag=doc,BIG5,系統介接程式,取消或變更郵政博物館本館租用場地,檔案名稱;格式;下載網址,中華郵政股份有限公司,不定期更新,政府資料開放授權條款-第1版,https://museum.post.gov.tw/post/Postal_Museum/museum/index.jsp?ID=152,免費,許 先生,02-23945185,2026-03-23 00:00:00,2026-03-23 10:34:55,,0
177302,新北市115年至116年地價稅稅額計算公式,檔案資料,購屋及遷徙,金,CSV,https://data.ntpc.gov.tw/api/datasets/71af5c93-3905-49ca-b2fe-5fbddc0b325b/csv/file,UTF-8,系統介接程式,提供新北市115年至116年地價稅稅額計算公式,fielda(稅種);calculation_formula_fieldb(計算公式),新北市政府財政局,不定期更新,政府資料開放授權條款-第1版,,免費,徐嘉祺,(02)89528200#602,2026-03-24 00:00:00,2026-03-26 11:53:32,OpenAPI文件下載: https://data.ntpc.gov.tw/api/v1/openapi/units/1020000,10
177292,急診傳染病監測統計-COVID-19,檔案資料,就醫,金,CSV;JSON,https://od.cdc.gov.tw/eic/RODS_COVID-19.csv;https://od.cdc.gov.tw/eic/RODS_COVID-19.json,UTF-8;UTF-8,系統介接程式,各縣市、年齡別及年週之COVID-19急診就診人次統計表，其中COVID-19採國際疾病分類第10版(ICD-10)代碼為「U07.1」者。,年;週;年齡別;縣市;COVID-19急診就診人次;縣市別代碼,衛生福利部疾病管制署,每7日,政府資料開放授權條款-第1版,,免費,鄭小姐,02-23959825#4056,2025-11-04 00:00:00,2026-03-25 11:18:25,年、週、年齡別、縣市、COVID-19急診就診人次、縣市別代碼,
177320,替代役役男團體意外保險作業實施規定,檔案資料,服兵役,白金,PDF,https://opdadm.moi.gov.tw/api/v1/no-auth/resource/api/dataset/11A1145D-E02B-4248-AF2E-EBB04D1F939D/resource/2E3AE7ED-1C12-4340-AE37-521470BAE709/download,UTF-8,系統介接程式,114年4月30日修正替代役役男團體意外保險作業實施規定，定自114年6月1日生效,文本語料,替代役訓練及管理中心,不定期更新,政府資料開放授權條款-第1版,,免費,黃俊隆,049-2394358,2026-03-31 09:38:19,2026-04-10 17:02:11,文本語料,0
177321,替代役役男傷病停役檢定標準,檔案資料,服兵役,白金,PDF,https://opdadm.moi.gov.tw/api/v1/no-auth/resource/api/dataset/A5134EDB-8992-42CF-8B37-F49563C8BAAD/resource/D752E93E-8741-4736-8F6A-44C2C6FA160E/download,UTF-8,系統介接程式,112年11月8日修正替代役役男傷病停役檢定標,文本語料,替代役訓練及管理中心,不定期更新,政府資料開放授權條款-第1版,,免費,黃俊隆,049-2394358,2026-03-31 09:37:37,2026-04-10 17:03:12,文本語料,0
177310,113年度臺中市總決算,檔案資料,公共資訊,白金,CSV,https://newdatacenter.taichung.gov.tw/api/v1/no-auth/resource.download?rid=7b135b26-6160-4afa-b037-4c341ae3b1c3,UTF-8,系統介接程式,113年度臺中市總決算等相關檔案,民國年;縣市別代碼;機關代碼;郵遞區號;電話;編號;表件名稱1;網址,臺中市政府主計處,不定期更新,政府資料開放授權條款-第1版,,免費,陳小姐,22289111+19509,2026-03-26 00:00:00,2026-05-18 09:42:38,臺中市政府OAS標準之API說明文件:https://datacenter.taichung.gov.tw/swagger/yaml/387200000A，Swagger 產生API說明頁面網址。,7
177357,屏東縣道路挖掘施工資訊,檔案資料,交通及通訊,銀,CSV,https://e-road.pthg.gov.tw/openDataService.aspx,UTF-8,系統介接程式,屏東縣道路挖掘施工資訊施工案件說明及施工地點座標,caseProjectName(案件/工程名稱);improvementItems(改善項目);constructionLocation(施工地點);curre (...詳內),工務處,每1日,政府資料開放授權條款-第1版,,免費,郭 先生,08-7320415#3537,2026-04-08 00:00:00,2026-04-09 08:49:15,,0
177358,自動化服務暨轉帳資費限額,檔案資料,公共資訊,白金,CSV,https://www.motc.gov.tw/uploaddowndoc?file=datagov/1491340377142071296.csv&filedisplay=自動化服務暨轉帳資費限額_下載連結.csv&flag=doc,BIG5,系統介接程式,自動櫃員機(含WebATM)服務資費及限額資料,檔案名稱;格式;下載網址,中華郵政股份有限公司,不定期更新,政府資料開放授權條款-第1版,http://www.post.gov.tw/post/internet/Download/all_list.jsp?ID=2201#dl_link_2362,免費,黃國良 先生,(02)2392-1310,2026-04-08 00:00:00,2026-04-09 11:54:51,,0
177363,115年第1季花蓮縣房地交易課稅情形季報表,檔案資料,購屋及遷徙,金,CSV,https://ws.hl.gov.tw/Download.ashx?u=LzAwMS9VcGxvYWQvNTE4L3JlbGZpbGUvMjI2NDYvMjA2NDA3L2ExYzYyMjU3LTI0ZmUtNDU2Yi1hODAyLWRlNDkxMjNiNjFlMi5jc3Y%3d&n=MTE15bm056ysMeWto%2biKseiTrue4o%2baIv%2bWcsOS6pOaYk%2biqsueoheaDheW9ouWto%2bWgseihqC5jc3Y%3d,UTF-8,原始資料,花蓮縣115年第1季房地交易課稅情形季報表,115年第1季;;單位:千元/件,花蓮縣地方稅務局,不定期更新,政府資料開放授權條款-第1版,,免費,游守平,03-8226121#172,2026-04-09 00:00:00,2026-04-09 08:52:53,,5
177350,107年低碳永續家園專案推動工作成果(線上簽核公文數量-基層機關),檔案資料,公共資訊,金,CSV,https://webws.miaoli.gov.tw/001/Upload/414/relfile/9718/148144/9b0bf88d-bcfd-4548-994a-98868d468aaf.csv,BIG5,系統介接程式,107年低碳永續家園專案推動工作成果(線上簽核公文數量-基層機關)-苗栗縣政府計畫處,年度;月份;量化成果,數位研考處,不定期更新,政府資料開放授權條款-第1版,,免費,黃博君 小姐,037-559743,2019-02-22 00:00:00,2026-04-07 08:08:49,,12
177353,115年3月苗栗縣外國人地權登記統計表,檔案資料,購屋及遷徙,金,CSV,https://webws.miaoli.gov.tw/Download.ashx?u=LzAwMS9VcGxvYWQvb3BlbmRhdGEvMjEwMy8wOTg2MzBlOC04NjRhLTRmM2YtYTNhMy02ZTYwYmYyYmI4YzkuY3N2&n=MTE15bm0M%2baciOiLl%2bagl%2be4o%2bWkluWci%2bS6uuWcsOasiueZu%2biomOe1seioiOihqC5jc3Y%3d&icon=.csv,UTF-8,系統介接程式,115年3月苗栗縣外國人地權登記統計,工作項目;項目;件數;土地筆數;面積;建物棟數;面積,地政處,不定期更新,政府資料開放授權條款-第1版,,免費,彭 先生,037559132,2026-04-01 00:00:00,2026-04-08 10:44:11,,1
177858,新竹市車行地下道視訊畫面,檔案資料,交通及通訊,金,XLS;CSV;XML;JSON,https://odws.hccg.gov.tw/001/Upload/25/opendataback/9059/1996/50844217-f307-465a-908d-2d505289f568.xls;https://odws.hccg.gov.tw/001/Upload/25/opendataback/9059/1996/50844217-f307-465a-908d-2d505289f568.csv;https://odws.hccg.gov.tw/001/Upload/25/opendataback/9059/1996/50844217-f307-465a-908d-2d505289f568.xml;https://odws.hccg.gov.tw/001/Upload/25/opendataback/9059/1996/50844217-f307-465a-908d-2d505289f568.json,UTF-8;UTF-8;UTF-8;UTF-8,系統介接程式,新竹市16處車行地下道視訊畫面,No;站名;經度;緯度;照片連結,新竹市消防局,不定期更新,政府資料開放授權條款-第1版,,免費,郭育呈|,03-5229508#5432,2026-06-25 00:00:00,2026-06-25 10:38:19,,0;0;0;0
177430,115年3月花蓮縣各項稅捐實徵淨額與預算數及上年同期比較-累計數,檔案資料,公共資訊,白金,CSV,https://ws.hl.gov.tw/Download.ashx?u=LzAwMS9VcGxvYWQvNTE4L3JlbGZpbGUvMjI2NDYvMjA2OTY5L2I1ZDY4NDg2LTVlYTMtNGVmOS05ZTg1LTRiODYzNjVkZDUxOS5jc3Y%3d&n=MTE15bm0M%2baciOiKseiTrue4o%2bWQhOmgheeoheaNkOWvpuW%2btea3qOmhjeiIh%2bmgkOeul%2baVuOWPiuS4iuW5tOWQjOacn%2bavlOi8gy3ntK%2foqIjmlbguY3N2,UTF-8,原始資料,花蓮縣各項稅捐實徵淨額與預算數及上年同期比較-累計數,稅目別;累計實徵數合計(新臺幣元);累計實徵數本年度(新臺幣元);累計實徵數以前年度(新臺幣元);累計退還以前年度收入數(新臺幣元);累計實徵淨額(新臺幣元);全年度預算數(新臺幣元);累計實徵淨額占全年預算數百分比(%);同期分配預算數(新臺幣元);累計實徵淨額占同期分配預算數百分比(%);上年同期實徵淨額(新臺幣元);累計實徵淨額與上年同期比較增減(%),花蓮縣地方稅務局,不定期更新,政府資料開放授權條款-第1版,,免費,陳可威,03-8226121#153,2026-04-16 00:00:00,2026-04-16 11:14:09,,25
177431,115年3月花蓮縣各項稅捐本月實徵數簡報表,檔案資料,公共資訊,白金,CSV,https://ws.hl.gov.tw/Download.ashx?u=LzAwMS9VcGxvYWQvNTE4L3JlbGZpbGUvMjI2NDYvMjA2OTcwL2M1YTkwZDY1LTYyZTAtNDdjOS1iNmMwLTNmMGFhODdjOWYwZi5jc3Y%3d&n=MTE15bm0M%2baciOiKseiTrue4o%2bWQhOmgheeoheaNkOacrOaciOWvpuW%2bteaVuOewoeWgseihqC5jc3Y%3d,UTF-8,原始資料,花蓮縣各項稅捐本月實徵數簡報表,項目別;本月實徵數本年度(新臺幣元);本月實徵數以前年度(新臺幣元);本月退還以前年度歲入款(新臺幣元),花蓮縣地方稅務局,不定期更新,政府資料開放授權條款-第1版,,免費,陳可威,03-8226121#153,2026-04-16 00:00:00,2026-04-16 11:16:56,,25
177472,臺中市職場互助教保服務中心名冊,檔案資料,求學及進修,白金,CSV,https://newdatacenter.taichung.gov.tw/api/v1/no-auth/resource.download?rid=5011d8ce-43be-4e78-9ed0-49d838edd036,UTF-8,系統介接程式,編號、鄉鎮、幼兒園名稱、幼兒園電話、幼兒園住址、核定總招收人數,編號;縣市;鄉鎮;設立別;幼兒園名稱;幼兒園電話;幼兒園住址;核定總招收人數,臺中市政府教育局,不定期更新,政府資料開放授權條款-第1版,,免費,黃子禎,0422289111*54434,2026-04-22 00:00:00,2026-04-22 17:45:01,臺中市政府OAS標準之API說明文件:https://datacenter.taichung.gov.tw/swagger/yaml/387040000E，Swagger 產生API說明頁面網址。,17
177490,就業率-按年齡別,檔案資料,公共資訊,白金,XML,https://ws.dgbas.gov.tw/001/Upload/461/relfile/11525/230038/mp0101a13.xml,UTF-8,原始資料,本資料集統計各年齡層的就業率，涵蓋從青少年至高齡者的就業情況。可協助政府、研究機構與企業分析不同年齡群的勞動市場表現，制定或調整就業政策與人才培育策略。研究者亦可利用此資料觀測就業率隨時間變化的趨勢，評估經濟衝擊對各年齡層的影響。,項目別;民國100年_百分比;民國101年_百分比;民國102年_百分比;民國103年_百分比;民國104年_百分比;民國105年_百分比;民國106年_百分比;民國107年_百分比;民國108年_百分比;民國109年_百分比;民國110年_百分比;民國111年_百分比;民國112年_百分比;民國113年_百分比;民國114年_百分比,行政院主計總處,每1年,政府資料開放授權條款-第1版,,免費,徐小姐,02-23803618,2026-05-04 00:00:00,2026-04-29 10:51:17,,45
177491,就業率-按教育程度別,檔案資料,公共資訊,白金,XML,https://ws.dgbas.gov.tw/001/Upload/461/relfile/11525/230038/mp0101a14.xml,UTF-8,原始資料,本資料集統計不同教育程度（如國中、高中、大學及以上）之就業率，呈現各層級在全國或特定區域的就業情況。研究者、政策制定者及求職者可利用此資訊分析教育與就業之關聯，評估人才供需與制定職涯或教育政策。,項目別;民國100年_百分比;民國101年_百分比;民國102年_百分比;民國103年_百分比;民國104年_百分比;民國105年_百分比;民國106年_百分比;民國107年_百分比;民國108年_百分比;民國109年_百分比;民國110年_百分比;民國111年_百分比;民國112年_百分比;民國113年_百分比;民國114年_百分比,行政院主計總處,每1年,政府資料開放授權條款-第1版,,免費,徐小姐,02-23803618,2026-05-04 00:00:00,2026-04-29 10:54:56,,36
177799,115年度全國鄉鎮市區民代表團體傷害保險（富邦產險）之統計,檔案資料,公共資訊,白金,CSV,https://opdadm.moi.gov.tw/api/v1/no-auth/resource/api/dataset/A38AD665-0405-4400-A7FD-E47773B4FFC9/resource/DB69FFAA-904D-4AC8-AD1C-D355BF674623/download,UTF-8,系統介接程式,115年，第1季，第2季，第3季，第4季，全國鄉鎮市區民代表，團體傷害保險，縣（市）別,Date(日期);County_or _city(縣市別);Number_of_town_elected_representatives(代表總人數);Insured_number_of_town_elected_representatives(代表投保人數);Insurance_rate(投保率),民政司,不定期更新,政府資料開放授權條款-第1版,,免費,許富凱,02-23565414,2026-06-22 17:24:58,2026-06-22 17:27:14,,17
177677,反共義士、大陸榮胞及滇緬義民人數,檔案資料,公共資訊,白金,CSV,https://www.vac.gov.tw/files/k3反共義士、大陸榮胞及滇緬義民人數.csv,UTF-8,原始資料,提供具榮民身分之反共義士、大陸榮胞及滇緬義民人數(每年底)依現有及亡故人數統計,民國年底;身分別;總人數;現有人數;亡故人數,國軍退除役官兵輔導委員會,每1年,政府資料開放授權條款-第1版,,免費,劉素梅,02-27570572,2026-06-01 00:00:00,2026-06-01 09:46:35,,21
177667,114年暴力犯罪概況,檔案資料,生活安全及品質,銅,PDF,https://opdadm.moi.gov.tw/api/v1/no-auth/resource/api/dataset/E5D19DAD-B536-4FBC-AD3C-27D850E2623A/resource/AA634E74-BC86-4E1D-873E-BB50A90A8216/download,UTF-8,系統介接程式,114年暴力犯罪發生數503件，其中以「故意殺人」158件占31.41％最多，「強盜」130件占25.84％次之，「搶奪」118件占23.46％再次之，三者合占80.72％。,文本資料,警政署,不定期更新,政府資料開放授權條款-第1版,,免費,王琇慧,02-23931791#6122,2026-05-27 17:38:04,2026-05-28 09:23:03,本資料集為文本語料資料,0
177457,臺中市政府地方稅務局115年歲出預算表,檔案資料,公共資訊,白金,CSV,https://newdatacenter.taichung.gov.tw/api/v1/no-auth/resource.download?rid=f6f5d4f2-23fe-448e-a9b2-2d63fbd8202c,UTF-8,系統介接程式,115年歲出預算表是年度財政計畫的重要組成部分，透過這份表格，市民可以瞭解政府的財政運作、預算分配以及支出項目。這份表格提供了歲出預算資料，包括各項支出等信息，讓市民可以深入了解政府的財政運作和資源分配。,縣市別代碼;機關代碼;名稱及編號;本年度預算數;上年度預算數;前年度決算數;本年度與上年度比較,臺中市政府地方稅務局,每1年,政府資料開放授權條款-第1版,,免費,陳麗娟,0422585000轉2472,2026-04-20 00:00:00,2026-06-22 13:51:20,臺中市政府OAS標準之API說明文件:https://datacenter.taichung.gov.tw/swagger/yaml/387260000D，Swagger 產生API說明頁面網址。,3
177620,研發及產業訓儲替代役基金收支保管及運用辦法,檔案資料,服兵役,銅,PDF,https://opdadm.moi.gov.tw/api/v1/no-auth/resource/api/dataset/155CE464-A34E-4DB9-A0D5-E892DAF1E455/resource/FD01CC88-64E4-4B64-83C6-8EA4939CED15/download,UTF-8,系統介接程式, 113 年 7 月 16 日修正研發及產業訓儲替代役基金收支保管及運用辦法 ,研發及產業訓儲替代役基金收支保管及運用辦法,替代役訓練及管理中心,不定期更新,政府資料開放授權條款-第1版,,免費,林寶琴,049-2394133,2026-05-14 00:00:00,2026-05-15 14:52:04,文本語料,0
177607,114年下半年「民眾對治安滿意度調查」摘要分析,檔案資料,生活安全及品質,銅,PDF,https://opdadm.moi.gov.tw/api/v1/no-auth/resource/api/dataset/A5EBB517-9B1A-4646-B6A4-22A7029212C9/resource/3437B0DA-3016-4C12-AA0E-BF50DFDEB351/download,UTF-8,系統介接程式,民眾對住家附近、居住縣市整體治安滿意度連續5年均維持9成及8成以上。,文本資料,警政署,不定期更新,政府資料開放授權條款-第1版,,免費,王琇慧,02-23931791#6122,2026-05-14 10:23:13,2026-05-14 10:26:07,本資料集為文本語料資料,0
177621,114年青少年犯罪概況,檔案資料,生活安全及品質,銅,PDF,https://opdadm.moi.gov.tw/api/v1/no-auth/resource/api/dataset/92459950-53EC-484D-965B-F14A1400B90D/resource/B83DF2EB-D0E7-4E7A-813E-2FEE96FFB27B/download,UTF-8,系統介接程式,114年12-17歲及18-23歲嫌疑犯涉案類型均以詐欺案最多，分別占2成6及4成1。 ,文本資料,警政署,不定期更新,政府資料開放授權條款-第1版,,免費,王琇慧,02-23931791#6122,2026-05-13 00:00:00,2026-05-15 14:53:04,本資料集為文本語料資料,0
174789,臺灣高等檢察署花蓮檢察分署115年度預算案,檔案資料,公共資訊,金,ZIP,https://www.hlh.moj.gov.tw/media/411115/115-%E9%A0%90%E7%AE%97%E6%A1%88xml%E6%AA%94.zip?mediaDL=true,UTF-8,原始資料,預算案,報表資料列;款;項;目;節;名稱及編號;本年度預算數;上年度預算數;前年度決算數;本年度與上年度比較;說明;名稱;金額;分支計畫及用途別科目;承辦單位;工作計畫名稱及編號_第一二級用途別科目名稱及編號;一般行政_3423340100;檢察業務_3423341000;第一預備金_3423349800;合計;經常支出_人事費;經常支出_業務費;經常支出_獎補助費;經常支出_債務費;經常支出_預備金;經常支出_小計;資本支出_業務費;資本支出_設備及投資;資本支出_獎補助費;資本支出_預備金;資本支出_小計;設備及投資_土地;設備及投資_房屋建築及設備;設備及投資_公共建設及設施;設備及投資_機械設備;設備及投資_運輸設備;設備及投資_資訊軟硬體設備;設備及投資_雜項設備;設備及投資_權利;設備及投資_投資;其他資本支出;人事費別;員額_職員_本年度;員額_職員_上年度;員額_警察_本年度;員額_警察_上年度;員額_法警_本年度;員額_法警_上年度;員額_駐警_本年度;員額_駐警_上年度;員額_工友_本年度;員額_工友_上年度;員額_技工_本年度;員額_技工_上年度;員額_駕駛_本年度;員額_駕駛_上年度;員額_聘用_本年度;員額_聘用_上年度;員額_約僱_本年度;員額_約僱_上年度;員額_駐外雇員_本年度;員額_駐外雇員_上年度;員額_合計_本年度;員額_合計_上年度;年需經費_本年度;年需經費_上年度;年需經費_比較;車輛數;車輛種類;乘客人數不含司機;購置年月;汽缸總排氣量_立方公分;油料費_數量_公升;油料費_單價_元;油料費_金額;油料費2_數量_公升;油料費2_單價_元;油料費2_金額;養護費;其他;備註;區分;自有_單位數;自有_面積;自有_取得成本;自有_年需養護費;無償借用_單位數;無償借用_面積;無償借用_年需養護費;有償租用或借用_單位數;有償租用或借用_面積;有償租用或借用_押金;有償租用或借用_租金;有償租用或借用_年需養護費;合計_面積;合計_押金;合計_租金;合計_年需養護費;捐助計畫;計畫起訖年度;捐助對象;捐助內容;捐助經費之用途分析_經常門_人事費;捐助經費之用途分析_經常門_業務費;捐助經費之用途分析_經常門_其他;捐助經費之用途分析_資本門_營建工程;捐助經費之用途分析_資本門_其他;捐助經費之用途分析_合計;職能別分類;經常支出_受僱人員報酬;經常支出_商品及勞務購買支出;經常支出_債務利息;經常支出_土地租金支出;經常支出_經常移轉_對企業;經常支出_經常移轉_對家庭及民間非營利機構;經常支出_經常移轉_對政府;經常支出_經常移轉_對國外;經常支出_經常支出合計;資本支出_投資及增資_對營業基金;資本支出_投資及增資_對非營業特種基金;資本支出_投資及增資_對民間企業;資本支出_資本移轉_對企業;資本支出_資本移轉_對家庭及民間非營利機構;資本支出_資本移轉_對政府;資本支出_資本移轉_對國外;資本支出_土地購入;資本支出_無形資產購入;資本支出_固定資本形成_住宅;資本支出_固定資本形成_非住宅房屋;資本支出_固定資本形成_營建工程;資本支出_固定資本形成_運輸工具;資本支出_固定資本形成_資訊軟體;資本支出_固定資本形成_機器及其他設備;資本支出_固定資本形成_土地改良;資本支出_資本支出合計;總計,臺灣高等檢察署花蓮檢察分署,不定期更新,政府資料開放授權條款-第1版,https://www.hlh.moj.gov.tw/media/411115/115-%E9%A0%90%E7%AE%97%E6%A1%88xml%E6%AA%94.zip?mediaDL=true,免費,林小姐,03-8225112#204,2025-09-04 00:00:00,2025-09-04 16:18:25,,13
174790,114年8月花蓮縣礦石開採景觀維護特別稅徵績表,檔案資料,公共資訊,銀,CSV,https://ws.hl.gov.tw/Download.ashx?u=LzAwMS9VcGxvYWQvNTE4L3JlbGZpbGUvMjI2NDYvMTkzMjk2LzY5NDcxOTY1LWFmNDgtNGFkYS04M2YzLTNkMjFkYWMwNjNjOC5jc3Y%3d&n=6Iqx6JOu57ij56Sm55%2bz6ZaL5o6h5pmv6KeA57at6K2354m55Yil56iFMTE05bm05bqmOOaciOS7veW%2btee4vuihqC5jc3Y%3d,UTF-8,原始資料,花蓮縣礦石開採景觀維護特別稅徵績表,花蓮縣礦石開採景觀維護特別稅114年度8月份徵績表;,花蓮縣地方稅務局,不定期更新,政府資料開放授權條款-第1版,,免費,林辰蓉,03-8226121,2025-09-15 00:00:00,2025-09-05 09:26:01,,0
174793,114年8月花蓮縣土地增值稅徵收,檔案資料,購屋及遷徙,銀,CSV,https://ws.hl.gov.tw/Download.ashx?u=LzAwMS9VcGxvYWQvNTE4L3JlbGZpbGUvMjI2NDYvMTkzMzA3LzA2ZmY2ZmE1LTg2MGUtNDhiNy04MTAxLTc2YTRhZWE3ODFlMS5jc3Y%3d&n=MTE05bm0OOaciOiKseiTrue4o%2bWcn%2bWcsOWinuWAvOeoheW%2bteaUti5jc3Y%3d,UTF-8,原始資料,"* 資料集名稱：114年8月花蓮縣土地增值稅徵收
* 資料類別：財政統計
* 資料內容：114年8月花蓮縣土地增值稅的徵收資料，包含：
	+ 稅目別：土地增值稅
	+ 徵收時間：民國 114 年 8 月
	+ 資料地點：花蓮縣
	+ 欄位：	- 地號
		- 土地面積
		- 徵收金額		
		- 徵收筆數
		- 其他相關細節
* 資料集類型：政府統計資料
* 更新頻率：每年8月
* 資料集用途：提供花蓮縣土地增值稅徵收的相關統計資料，供政府機關、研究機構或有興趣的民眾參考。
* 創建者：花蓮縣地方稅務局
* 資料集的格式：CSV (逗點分隔值)",類          別;;筆數;面積;土地漲價總數額;查定稅額;應納稅額,花蓮縣地方稅務局,不定期更新,政府資料開放授權條款-第1版,,免費,游守平,03-8226121#172,2025-09-15 00:00:00,2025-09-05 11:00:58,,0
174791,114年8月花蓮縣土石開採景觀維護特別稅徵績表,檔案資料,公共資訊,銀,CSV,https://ws.hl.gov.tw/Download.ashx?u=LzAwMS9VcGxvYWQvNTE4L3JlbGZpbGUvMjI2NDYvMTkzMjk1LzM1NmE4NDk1LTNkM2QtNDY0Ny05YzgxLTZmYjEwOTc5MmQyOS5jc3Y%3d&n=6Iqx6JOu57ij5Zyf55%2bz6ZaL5o6h5pmv6KeA57at6K2354m55Yil56iFMTE05bm05bqmOOaciOS7veW%2btee4vuihqC5jc3Y%3d,UTF-8,原始資料,花蓮縣土石開採景觀維護特別稅徵績表,花蓮縣土石採取景觀維護特別稅114年度8月份徵績表;,花蓮縣地方稅務局,不定期更新,政府資料開放授權條款-第1版,,免費,林辰蓉,03-8226121,2025-09-15 00:00:00,2025-09-05 09:28:04,,0
174811,應用微波雷達技術於臺北港域環境監測之研究(2/4)-微波雷達海象監測技術優化,檔案資料,交通及通訊,銅,PDF,https://www.motc.gov.tw/uploaddowndoc?file=datagov/1414535046886330368.pdf&filedisplay=113-29.113年_運輸技術研究中心_應用微波雷達技術於臺北港域環境監測之研究(2_4)-微波雷達海象監測技術優化.pdf&flag=doc,UTF-8,系統介接程式,為輔助並精進臺北港域的海氣象觀測作業，本所自110年即開始規劃相關研究工作，本計畫為多年期之研究計畫，第1年期之研究計畫內容主要針對微波雷達觀測的波流觀測特性進行分析，由該計畫之研究成果可得知雷達所量測之波高其趨勢有部分時段較佳，但在較大波高時雷達仍無法反應出其結果，只有示性波高在1~2公尺間有較好的觀測表現，而尖峰週期、流速及流向量測的表現當中，其相關性偏低。,檔案資料,交通部運輸研究所,不定期更新,政府資料開放授權條款-第1版,,免費,何 小姐,02-23496890,2025-09-08 00:00:00,2025-09-08 16:57:25,,65
174814,港區影像智慧辨識技術之研究(1/3)-空間基礎資料建構及影像檢監測應用技術發展,檔案資料,交通及通訊,銅,PDF,https://www.motc.gov.tw/uploaddowndoc?file=datagov/1414537028569141248.pdf&filedisplay=113-32.113年_運輸技術研究中心_港區影像智慧辨識技術之研究(1_3)-空間基礎資料建構及影像檢監測應用技術發展.pdf&flag=doc,UTF-8,系統介接程式,本計畫延續臺中港的成功成果並持續改進，建立高度精細的港區空間基礎資料，以臺中港平台功能為基礎，將二維平台升級至三維平台，提供使用者一個快速掌握港區情況的實用工具。未來的發展包括載具功能整合和新增辨識物件，這將進一步提升營運管理效能，為港區管理提供更全面的解決方案。,檔案資料,交通部運輸研究所,不定期更新,政府資料開放授權條款-第1版,,免費,何 小姐,02-23496890,2025-09-08 00:00:00,2025-09-08 17:05:22,,18
174812,商港風力觀測及統計分析,檔案資料,交通及通訊,銅,PDF,https://www.motc.gov.tw/uploaddowndoc?file=datagov/1414535638811676672.pdf&filedisplay=113-30.113年_運輸技術研究中心_商港風力觀測及統計分析.pdf&flag=doc,UTF-8,系統介接程式,為提供臺灣主要商港臺北港、基隆港、蘇澳港、花蓮港、高雄港、安平港、布袋港、澎湖港、臺中港及馬祖港域船舶停靠、船舶進出、碼頭作業、港區結構物設計與防災預警等所需相關資料，本計畫具體成果如下：1.完成臺灣港務股份有限公司及連江縣政府委託本所代管風力觀測站之定期維護保養及搶修作業；2.完成各港風力觀測資料庫整合及更新作業；3.完成2022年度風力觀測資料年報。,檔案資料,交通部運輸研究所,不定期更新,政府資料開放授權條款-第1版,,免費,何 小姐,02-23496890,2025-09-08 00:00:00,2025-09-08 16:59:49,,10
174798,苗栗縣政府暨所轄各鄉鎮市公所114年8月份公共債務資訊,檔案資料,公共資訊,銀,CSV;CSV;CSV;CSV;CSV,https://webws.miaoli.gov.tw/Download.ashx?u=LzAwMS9VcGxvYWQvb3BlbmRhdGEvMTk5My8xYmMyMWUyMi1lZTJmLTRjY2ItOGFhNS1iZTQ1Y2NiNWM5N2YuY3N2&n=MTE0MDgt6IuX5qCX57ij5pS%2f5bqcMTE05bm05bqm5ZCE5pyI5Lu95YSf5YK16YCy5bqm6KGoLmNzdg%3d%3d&icon=.csv;https://webws.miaoli.gov.tw/Download.ashx?u=LzAwMS9VcGxvYWQvb3BlbmRhdGEvMTk5My84ODFlNzdhZC0yMjM2LTQxNTYtYTlmZS1jYTQyNDNhYjNkYmQuY3N2&n=MTE0MDgt6IuX5qCX57ij5YWs5YWx5YK15YuZ5YSf5YK16KiI55Wr5pyf56iL6KGoLmNzdg%3d%3d&icon=.csv;https://webws.miaoli.gov.tw/Download.ashx?u=LzAwMS9VcGxvYWQvb3BlbmRhdGEvMTk5My85MDkxZjYxMy1mZDhjLTRiNzctOTAzNy05M2E4M2I3M2ViMTkuY3N2&n=MTE0MDgt6IuX5qCX57ij5pS%2f5bqc5oiq6IezMTE05bm0OOaciOW6leatouWFrOWFseWCteWLmeioiuaBry5jc3Y%3d&icon=.csv;https://webws.miaoli.gov.tw/Download.ashx?u=LzAwMS9VcGxvYWQvb3BlbmRhdGEvMTk5My82MDdmYzIxZC01MmM2LTQzMzItYTc0Yi0xZWEyNTAzZGVkY2QuY3N2&n=6IuX5qCX57ij5pS%2f5bqc5pqo5omA6L2E5ZCE6YSJ6Y6u5biC5YWs5omAMTE05bm0OOaciOS7veWFrOWFseWCteWLmeizh%2bioii5jc3Y%3d&icon=.csv;https://webws.miaoli.gov.tw/Download.ashx?u=LzAwMS9VcGxvYWQvb3BlbmRhdGEvMTk5My8zZjA3N2VlOS04ZGE0LTRkZjItYjY5ZS0wZDhkZDJkMGRhZTIuY3N2&n=6IuX5qCX57ij5pS%2f5bqc5oiq6IezMTE05bm0NuaciOW6leatouWQkeaJgOioremdnueHn%2balreeJueeoruWfuumHkSjlsIjmiLYp6Kq%2f5bqm5oOF5b2i6KGoKOWto%2bWgsSkuY3N2&icon=.csv,UTF-8;UTF-8;UTF-8;UTF-8;UTF-8,系統介接程式,114年8月份公共債務資訊,苗栗縣政府暨所轄各鄉鎮市公所114年8月份公共債務資訊,財政處,每1月,政府資料開放授權條款-第1版,,免費,涂 小姐,037-559550,2025-09-05 00:00:00,2025-09-05 15:11:17,,1;1;1;1;1
174824,花蓮港湧浪遮蔽試驗(1/3)-試驗規劃及建置,檔案資料,交通及通訊,無(品檢未過),PDF,https://www.motc.gov.tw/uploaddowndoc?file=datagov/1414543293840101376.pdf&filedisplay=113-42.113年_運輸技術研究中心_花蓮港湧浪遮蔽試驗(1_3)-試驗規劃及建置.pdf&flag=doc,UTF-8,系統介接程式,本計畫透過彙整花蓮港相關研究，應用本所長期觀測之波浪統計資料，規劃水工模型相關試驗及進行消能方案研擬，以期許後續試驗結果，能提供花蓮港務分公司及相關單位參考應用，有助於花蓮港未來建設之發展。,檔案資料,交通部運輸研究所,不定期更新,政府資料開放授權條款-第1版,,免費,何 小姐,02-23496890,2025-09-08 00:00:00,2025-09-08 17:30:21,,17
174817,離岸堤出水高度對堤後淤沙效能之影響評估,檔案資料,交通及通訊,銅,PDF,https://www.motc.gov.tw/uploaddowndoc?file=datagov/1414539005877293056.pdf&filedisplay=113-35.113年_運輸技術研究中心_離岸堤出水高度對堤後淤沙效能之影響評估.pdf&flag=doc,UTF-8,系統介接程式,本研究結合網際網路資源，應用Google Earth歷史圖像，再透過現場考察以及向規劃、設計與建管部門之諮詢，掌握堤體初始設計之斷面尺寸與高程配置，進而以「離岸堤效應」為基礎，再引介高雄旗津海岸施行人工潛堤灣澳保護工程之成效作對比案例，並以該實務案例所布建出水離岸堤及系列離岸潛堤後的對應海灘變遷形態作為辨識模式，針對離岸堤初始與現況出水高度變化之控制因素，透過實務案例之對照比較，據以檢視、分析並評估離岸堤出水高度對堤後形塑沙舌或繫岸沙洲之淤沙效能與造成地貎變遷之影響。,檔案資料,交通部運輸研究所,不定期更新,政府資料開放授權條款-第1版,,免費,何 小姐,02-23496890,2025-09-08 00:00:00,2025-09-08 17:13:10,,36
174821,112年臺灣地區金屬材料腐蝕環境調查與碳鋼金屬關聯性研究,檔案資料,交通及通訊,銅,PDF,https://www.motc.gov.tw/uploaddowndoc?file=datagov/1414541718195277824.pdf&filedisplay=113-39.113年_運輸技術研究中心_112年臺灣地區金屬材料腐蝕環境調查與碳鋼金屬關聯性研究.pdf&flag=doc,UTF-8,系統介接程式,臺灣地處亞熱帶，屬高溫、高濕、高鹽的海島型氣候，金屬構件甚易腐蝕。為此，有必要建置本土之腐蝕環境資料及腐蝕因子資料庫，以利做為結構物防蝕設計與維護管理應用依據。本計畫主要工作項目包括：1.臺灣大氣腐蝕因子調查與金屬材料現地暴露試驗；2.港區水下腐蝕暴露試驗與海水水質調查；3.精進及擴充腐蝕資料庫；4.碳鋼金屬與腐蝕因子關聯性分析。,檔案資料,交通部運輸研究所,不定期更新,政府資料開放授權條款-第1版,,免費,何 小姐,02-23496890,2025-09-08 00:00:00,2025-09-08 17:23:59,,20
174822,商港海流觀測及特性分析,檔案資料,交通及通訊,銅,PDF,https://www.motc.gov.tw/uploaddowndoc?file=datagov/1414542295729967104.pdf&filedisplay=113-40.113年_運輸技術研究中心_商港海流觀測及統計分析.pdf&flag=doc,UTF-8,系統介接程式,本研究計畫針對臺灣主要商港臺北港、基隆港、蘇澳港、花蓮港、高雄港、安平港、布袋港及臺中港等8個港區，建置即時海象觀測系統，持續長期蒐集海象資料，並進行海流統計分析工作，期獲得臺灣四周各劃分代表性區域的海象整體特性。,檔案資料,交通部運輸研究所,不定期更新,政府資料開放授權條款-第1版,,免費,何 小姐,02-23496890,2025-09-08 00:00:00,2025-09-08 17:26:20,,13
174841,114年8月花蓮縣滯納及違章罰鍰移送執行情形月報表-稅別(以前年度),檔案資料,公共資訊,銀,ODS,https://ws.hl.gov.tw/Download.ashx?u=LzAwMS9VcGxvYWQvNTE4L3JlbGZpbGUvMjI2NDYvMTkzNDc2L2NiNjk3MGQ1LTgzMGEtNGJkNy05NjIzLTAxMTI5Y2MxYTljNS5vZHM%3d&n=MTE05bm0OOaciOa7r%2be0jeWPiumBleeroOe9sOmNsOenu%2bmAgeWft%2bihjOaDheW9ouaciOWgseihqC3nqIXliKUo5Lul5YmN5bm05bqmKS5vZHM%3d,其他,原始資料,＊統計地區範圍及對象：凡逾滯納期未經徵起之欠稅費，經移送強制執行者均屬之。 ＊統計標準時間：本月資料以每月1日至月底，累計資料以每一會計年度起始日至當月底之事實為準。,花蓮縣地方稅務局,花蓮縣地方稅務局,不定期更新,政府資料開放授權條款-第1版,,免費,張心怡,03-8226121#413,2025-09-09 00:00:00,2025-09-30 11:24:49,,48
174828,商港潮位觀測與統計分析,檔案資料,交通及通訊,銅,PDF,https://www.motc.gov.tw/uploaddowndoc?file=datagov/1414545149354053632.pdf&filedisplay=113-46.113年_運輸技術研究中心_商港潮位觀測與統計分析.pdf&flag=doc,UTF-8,系統介接程式,本研究說明臺北、基隆、蘇澳、花蓮、高雄、安平、布袋及臺中等國內商港，潮位觀測作業與針對潮位觀測資料(110年12月至111年11月)，進行品管後的資料配合築港高程，探討潮汐特性。本研究已完成臺灣主要商港之潮汐分析，時間序列歷線圖可看出每個月之數值變化，重要量值統計表可看出相關統計量值，相關成果可提供航港局、港公司或其他港區相關單位作為港區作業安全、堤防設計、防災預警、船舶進出港等之參考。,檔案資料,交通部運輸研究所,不定期更新,政府資料開放授權條款-第1版,,免費,何 小姐,02-23496890,2025-09-08 00:00:00,2025-09-08 17:37:33,,33
174843,113年1月至12月國家賠償事件收結情形表(中央政府機關),檔案資料,公共資訊,金,CSV,https://www.moj.gov.tw/2204/2771/2773/254449/,BIG5,原始資料,彙整統計113年1月至12月中央機關辦理國家賠償事件之收結情形,資料集名稱;資料集連結;提供機關;年度;摘要,法務部法律事務司,不定期更新,政府資料開放授權條款-第1版,,免費,王詠儀,21910189*2260,2025-09-09 00:00:00,2025-09-09 09:43:47,,1
174837,2022年港灣海氣象觀測資料統計年報(8港域觀測海流資料),檔案資料,交通及通訊,銅,PDF,https://www.motc.gov.tw/uploaddowndoc?file=datagov/1414550375045795840.pdf&filedisplay=113-55.113年_運輸技術研究中心_2022年港灣海氣象觀測資料統計年報(8港域觀測海流資料).pdf&flag=doc,UTF-8,系統介接程式,本港灣觀測海氣象資料統計年報，包括臺北、基隆、蘇澳、花蓮、高雄、安平、布袋及臺中等8個港域，2022年(2021年12月至2022年11月)與歷年觀測海流資料之觀測記錄表及各項統計表及統計圖。,檔案資料,交通部運輸研究所,不定期更新,政府資料開放授權條款-第1版,,免費,何 小姐,02-23496890,2025-09-08 00:00:00,2025-09-08 17:58:21,,6
174832,海氣象觀測作業數位管理規劃,檔案資料,交通及通訊,銅,PDF,https://www.motc.gov.tw/uploaddowndoc?file=datagov/1414547688615055360.pdf&filedisplay=113-50.113_海氣象觀測作業數位管理規劃.pdf&flag=doc,UTF-8,系統介接程式,本計畫旨在蒐集整合本所海氣象觀測業務的各項資源和資料，規劃開發海氣象觀測作業數位管理系統，為相關人員提供測站維護、資財管理、資料保存和品管等業務的重要工具。,檔案資料,交通部運輸研究所,不定期更新,政府資料開放授權條款-第1版,,免費,何 小姐,02-23496890,2025-09-08 00:00:00,2025-09-08 17:47:49,,131
174859,新竹縣114年第三季海域及港區水質監測報告,檔案資料,生活安全及品質,白金,XLSX;CSV;XML;JSON,https://ws.hsinchu.gov.tw/001/Upload/1/opendata/8774/2890/9b04a96e-22d3-417e-a453-07446ba37dde.xlsx;https://ws.hsinchu.gov.tw/001/Upload/1/opendata/8774/2890/9b04a96e-22d3-417e-a453-07446ba37dde.csv;https://ws.hsinchu.gov.tw/001/Upload/1/opendata/8774/2890/9b04a96e-22d3-417e-a453-07446ba37dde.xml;https://ws.hsinchu.gov.tw/001/Upload/1/opendata/8774/2890/9b04a96e-22d3-417e-a453-07446ba37dde.json,UTF-8;BIG5;UTF-8;UTF-8,系統介接程式,114年新竹縣第三季海域及港區水質監測報告(單位:採樣深度數值m、水溫數值℃、流速數值cm/sec、鹽度數值psu、溶氧量數值mg/L、懸浮固體數值mg/L、大腸桿菌群數值CFU/100ml、鎘mg/L、鉛mg/L、汞mg/L、銅mg/L、鋅mg/L、氨氮數值mg/L、總磷mg/L、酚類mg/L、化學需氧量數值mg/L),監測站;經度;緯度;採樣日期;採樣時間;採樣深度數值;水溫數值;流速數值;鹽度數值;pH數值;溶氧量數值;懸浮固體數值;大腸桿菌群數值;鎘;鉛;汞;銅;鋅;氨氮數值;總磷;酚類;化學需氧量數值,新竹縣政府環境保護局,不定期更新,政府資料開放授權條款-第1版,,免費,古堂杏|先生,03-5519345#5302,2025-08-15 00:00:00,2025-09-21 17:56:09,,0;0;0;0
174853,114年7月新竹市iHsinchu免費無線上網熱點流量統計一覽表,檔案資料,公共資訊,白金,XLS;CSV;XML;JSON,https://odws.hccg.gov.tw/001/Upload/25/opendataback/9059/1883/a1b1ea26-46df-4e12-bdca-8bbac4c7baaf.xls;https://odws.hccg.gov.tw/001/Upload/25/opendataback/9059/1883/a1b1ea26-46df-4e12-bdca-8bbac4c7baaf.csv;https://odws.hccg.gov.tw/001/Upload/25/opendataback/9059/1883/a1b1ea26-46df-4e12-bdca-8bbac4c7baaf.xml;https://odws.hccg.gov.tw/001/Upload/25/opendataback/9059/1883/a1b1ea26-46df-4e12-bdca-8bbac4c7baaf.json,UTF-8;UTF-8;UTF-8;UTF-8,系統介接程式,114年7月新竹市iHsinchu免費無線上網熱點流量統計一覽表供民眾參閱,年月;熱點名稱;使用人次;使用人數;總分鐘數;總流量MB,數位發展處,不定期更新,政府資料開放授權條款-第1版,,免費,劉丞閔|,03-5216121#339,2025-09-08 00:00:00,2026-02-13 18:04:53,,0;0;0;0
174854,觀光政策,檔案資料,公共資訊,銅,PDF;PDF;PDF;PDF;PDF;PDF;PDF;PDF;PDF;PDF;PDF;PDF;PDF;PDF;PDF;PDF;PDF;PDF;PDF;PDF;PDF;PDF;PDF;PDF;PDF,https://media.taiwan.net.tw/od/01_PRD/2002年觀光政策及施政重點.pdf;https://media.taiwan.net.tw/od/01_PRD/2003年觀光政策及施政重點.pdf;https://media.taiwan.net.tw/od/01_PRD/2004年觀光政策及施政重點.pdf;https://media.taiwan.net.tw/od/01_PRD/2005年觀光政策及施政重點.pdf;https://media.taiwan.net.tw/od/01_PRD/2006年觀光政策及施政重點.pdf;https://media.taiwan.net.tw/od/01_PRD/2007年觀光政策及施政重點.pdf;https://media.taiwan.net.tw/od/01_PRD/2008年觀光政策及施政重點.pdf;https://media.taiwan.net.tw/od/01_PRD/2009年觀光政策及施政重點.pdf;https://media.taiwan.net.tw/od/01_PRD/2010年觀光政策及施政重點.pdf;https://media.taiwan.net.tw/od/01_PRD/2011年觀光政策及施政重點.pdf;https://media.taiwan.net.tw/od/01_PRD/2012年觀光政策及施政重點.pdf;https://media.taiwan.net.tw/od/01_PRD/2013年觀光政策及施政重點.pdf;https://media.taiwan.net.tw/od/01_PRD/2014年觀光政策及施政重點.pdf;https://media.taiwan.net.tw/od/01_PRD/2015年觀光政策及施政重點.pdf;https://media.taiwan.net.tw/od/01_PRD/2016年觀光政策及施政重點.pdf;https://media.taiwan.net.tw/od/01_PRD/2017年觀光政策及施政重點.pdf;https://media.taiwan.net.tw/od/01_PRD/2018年觀光政策及施政重點.pdf;https://media.taiwan.net.tw/od/01_PRD/2019年觀光政策及施政重點.pdf;https://media.taiwan.net.tw/od/01_PRD/2020年觀光政策及施政重點.pdf;https://media.taiwan.net.tw/od/01_PRD/2021年觀光政策及施政重點.pdf;https://media.taiwan.net.tw/od/01_PRD/2022年觀光政策及施政重點.pdf;https://media.taiwan.net.tw/od/01_PRD/2023年觀光政策及施政重點.pdf;https://media.taiwan.net.tw/od/01_PRD/2024至2025年雙軸轉型觀光政策及施政重點.pdf;https://media.taiwan.net.tw/od/01_PRD/2025年觀光政策及施政重點.pdf;https://media.taiwan.net.tw/od/01_PRD/觀光署未來觀光政策及施政重點.pdf,其他;其他;其他;其他;其他;其他;其他;其他;其他;其他;其他;其他;其他;其他;其他;其他;其他;其他;其他;其他;其他;其他;其他;其他;其他,系統介接程式,收錄交通部觀光署各年度施政計畫及觀光發展計畫，提供民眾瞭解觀光業務推動方針、政策規劃等資訊。,文本資料,交通部觀光署,不定期更新,政府資料開放授權條款-第1版,,免費,高 小姐,02- 23491500#8111,2025-09-09 00:00:00,2025-09-30 11:53:23,本資料集為AI語料資料,0;0;0;0;0;0;0;0;0;0;0;0;0;0;0;0;0;0;0;0;0;0;0;0;0
174855,觀光業務年報,檔案資料,公共資訊,銅,壓縮檔,https://media.taiwan.net.tw/od/01_PRD/觀光業務年報.zip,其他,系統介接程式,收錄交通部觀光署歷年重要政策及數據資料，供民眾了解本署施政成果。,文本資料,交通部觀光署,不定期更新,政府資料開放授權條款-第1版,,免費,張 先生,02- 23491500#8123,2025-09-09 00:00:00,2025-09-30 11:54:55,本資料集為AI語料資料,0
